Week,Branch,Orders,Customers,Sales_INR,Marketing_Spend_INR,Avg_Basket_INR
05-01-2026,Hyderabad,120,185,222000,1850,120
12-01-2026,Hyderabad,128,192,235000,1900,125
19-01-2026,Hyderabad,135,201,248000,1980,132
26-01-2026,Hyderabad,142,210,261000,2050,138
02-02-2026,Hyderabad,150,218,276000,2140,145
09-02-2026,Hyderabad,146,215,269000,2110,141
16-02-2026,Hyderabad,158,226,289000,2220,151
23-02-2026,Hyderabad,165,234,301000,2290,158
05-01-2026,Mumbai,138,205,251000,2100,132
12-01-2026,Mumbai,145,211,263000,2160,138
19-01-2026,Mumbai,151,220,278000,2250,145
26-01-2026,Mumbai,159,228,292000,2330,152
02-02-2026,Mumbai,166,236,307000,2410,158
09-02-2026,Mumbai,162,231,299000,2380,154
16-02-2026,Mumbai,171,242,318000,2490,164
23-02-2026,Mumbai,178,250,329000,2560,170
05-01-2026,Delhi,105,171,198000,1700,112
12-01-2026,Delhi,110,176,207000,1750,116
19-01-2026,Delhi,118,184,221000,1840,124
26-01-2026,Delhi,121,189,228000,1900,128
02-02-2026,Delhi,129,196,241000,1980,136
09-02-2026,Delhi,125,192,235000,1940,132
16-02-2026,Delhi,136,203,253000,2050,143
23-02-2026,Delhi,141,209,264000,2110,149
